{"accuracy": [0.7186753153800964, 0.8741180300712585, 0.9205217957496643], "loss": [0.9136732816696167, 0.39416760206222534, 0.24468038976192474], "val_accuracy": [0.8250713348388672, 0.8746168613433838, 0.8822270631790161], "val_loss": [0.933113157749176, 0.9559159874916077, 0.9701797962188721]}